{"cameraMode":{"drawMode":0,"name":"Shaded","section":"Shading Mode"},"sceneLighting":false,"audioPlay":false,"sceneViewState":{"m_AlwaysRefresh":false,"showFog":true,"showSkybox":false,"showFlares":true,"showImageEffects":true,"showParticleSystems":true,"showVisualEffectGraphs":true,"m_FxEnabled":true},"in2DMode":false,"pivot":{"x":-4.800487995147705,"y":175.1077880859375,"z":7.901108741760254},"rotation":{"x":0.12392152845859528,"y":-0.8697875142097473,"z":0.38904646039009097,"w":0.27709466218948367},"size":0.05603352189064026,"orthographic":false}