{"cameraMode":{"drawMode":0,"name":"Shaded","section":"Shading Mode"},"sceneLighting":false,"audioPlay":false,"sceneViewState":{"m_AlwaysRefresh":false,"showFog":true,"showSkybox":false,"showFlares":true,"showImageEffects":true,"showParticleSystems":true,"showVisualEffectGraphs":true,"m_FxEnabled":true},"in2DMode":false,"pivot":{"x":0.011479607783257962,"y":0.011791825294494629,"z":0.022562652826309205},"rotation":{"x":-0.11972125619649887,"y":0.6397690176963806,"z":-0.7523488998413086,"w":-0.10181410610675812},"size":0.06656259298324585,"orthographic":false}