{"cameraMode":{"drawMode":0,"name":"Shaded","section":"Shading Mode"},"sceneLighting":false,"audioPlay":false,"sceneViewState":{"m_AlwaysRefresh":false,"showFog":true,"showSkybox":false,"showFlares":true,"showImageEffects":true,"showParticleSystems":true,"showVisualEffectGraphs":true,"m_FxEnabled":true},"in2DMode":false,"pivot":{"x":-0.0036337319761514665,"y":0.17856936156749726,"z":0.40699508786201479},"rotation":{"x":-0.02449195273220539,"y":0.6832355856895447,"z":-0.022980419918894769,"w":-0.7295063734054565},"size":0.31537729501724245,"orthographic":false}